archive_url,archive_timestamp,url_href,url_domain,url_string,url_index,url_is_story,url_width,url_height,url_x,url_y,url_cell,url_font_size
http://www.drudgereport.com/,2014-11-01 10:04:37.933678,http://www.intermarkets.net/adfeedback/form.htm?Plcmt=none&ATFlgt=none&Ntwk=none&NCrt=none,www.intermarkets.net,AD FEEDBACK,0,False,None,None,None,None,None,None
http://www.drudgereport.com/,2014-11-01 10:04:37.933678,http://www.latimes.com/business/la-fi-virgin-galactics-spaceship-anomaly-testing-20141031-story.html#navtype=outfit,www.latimes.com,VIRGIN SPACE CRASH IN MOJAVE...,1,True,None,None,None,None,None,None
http://www.drudgereport.com/,2014-11-01 10:04:37.933678,http://losangeles.cbslocal.com/2014/10/31/virgin-galactic-spaceship-encounters-inflight-anomaly-during-test-flight,losangeles.cbslocal.com,"1 Dead, Another Seriously Injured After Test Flight Goes Wrong...",2,True,None,None,None,None,None,None
http://www.drudgereport.com/,2014-11-01 10:04:37.933678,http://money.cnn.com/2014/10/31/technology/virgin-galactic-spaceship-crash/index.html?iid=HP_LN,money.cnn.com,$500 Million Spaceship Explodes...,3,False,None,None,None,None,None,None
http://www.drudgereport.com/,2014-11-01 10:04:37.933678,http://www.thedailybeast.com/articles/2014/10/31/spaceshiptwo-flew-on-untested-rocket-motor.html,www.thedailybeast.com,Flew on untested rocket motor...,4,True,None,None,None,None,None,None
http://www.drudgereport.com/,2014-11-01 10:04:37.933678,http://www.dailymail.co.uk/sciencetech/article-2816224/Virgin-Galactic-spaceship-flight-problem.html,www.dailymail.co.uk,Second space disaster in week...,5,True,None,None,None,None,None,None
http://www.drudgereport.com/,2014-11-01 10:04:37.933678,http://hosted.ap.org/dynamic/stories/U/US_SPACESHIPTWO?SITE=AP&SECTION=HOME&TEMPLATE=DEFAULT&CTIME=2014-10-31-15-42-41,hosted.ap.org,Taxpayers foot bill to build state-of-the-art hangar...,6,False,None,None,None,None,None,None
http://www.drudgereport.com/,2014-11-01 10:04:37.933678,http://www.theguardian.com/science/2014/oct/31/branson-virgin-galactic-space-travel-failures,www.theguardian.com,Ambitious space-travel project plagued by problems and delays...,7,True,None,None,None,None,None,None
http://www.drudgereport.com/,2014-11-01 10:04:37.933678,http://time.com/3551643/virgin-crash-branson-amateur/,time.com,MAG: Tragedy of Hubris...,8,False,None,None,None,None,None,None
http://www.drudgereport.com/,2014-11-01 10:04:37.933678,http://hosted.ap.org/dynamic/stories/U/US_COLORADO_ELECTION_EARLY_VOTES?SITE=AP&SECTION=HOME&TEMPLATE=DEFAULT&CTIME=2014-10-31-18-46-58,hosted.ap.org,REPUBLICANS TAKE BIG LEAD IN CO EARLY VOTE,9,True,None,None,None,None,None,None
http://www.drudgereport.com/,2014-11-01 10:04:37.933678,http://www.drudgereport.com/,www.drudgereport.com,,10,False,None,None,None,None,None,None
http://www.drudgereport.com/,2014-11-01 10:04:37.933678,http://www.nytimes.com/2014/11/01/us/democrats-count-on-edge-with-women-to-limit-election-losses.html,www.nytimes.com,NYT PAGE ONE SATURDAY: Dems second-guessing strategy of focusing on women's issues over economy...,11,True,None,None,None,None,None,None
http://www.drudgereport.com/,2014-11-01 10:04:37.933678,http://www.nytimes.com/2014/11/01/us/politics/repeal-of-health-law-once-central-to-gop-is-side-issue-in-campaigns.html,www.nytimes.com,Obamacare Repeal Fades as Rallying Cry for Republicans...,12,True,None,None,None,None,None,None
http://www.drudgereport.com/,2014-11-01 10:04:37.933678,http://www.nytimes.com/2014/11/01/us/politics/gop-ads-chase-voters-at-home-and-on-the-go-.html,www.nytimes.com,PERSONALIZED PITCH: Digital 'track and chase' ground game delivers specific messages to individual voters...,13,True,None,None,None,None,None,None
http://www.drudgereport.com/,2014-11-01 10:04:37.933678,http://www.weeklystandard.com/blogs/harry-reids-begging_817783.html,www.weeklystandard.com,REID TRIES 'BEGGING'...,14,False,None,None,None,None,None,None
http://www.drudgereport.com/,2014-11-01 10:04:37.933678,http://www.bloomberg.com/politics/articles/2014-10-31/election-tally-one-million-senate-ads,www.bloomberg.com,One Million Senate Ads -- And Counting...,15,True,None,None,None,None,None,None
http://www.drudgereport.com/,2014-11-01 10:04:37.933678,http://www.nytimes.com/newsgraphics/2014/senate-model/,www.nytimes.com,NYT: 68% REPUBLICANS TAKE...,16,False,None,None,None,None,None,None
http://www.drudgereport.com/,2014-11-01 10:04:37.933678,http://www.washingtonpost.com/wp-dre/politics/election-lab-2014,www.washingtonpost.com,WASH POST: 95% CHANCE...,17,False,None,None,None,None,None,None
http://www.drudgereport.com/,2014-11-01 10:04:37.933678,http://www.reuters.com/article/2014/10/31/us-usa-elections-turnout-idUSKBN0IK28520141031,www.reuters.com,WIRE: Fired-up Republicans have edge in turnout war...,18,True,None,None,None,None,None,None
http://www.drudgereport.com/,2014-11-01 10:04:37.933678,http://www.bloomberg.com/politics/articles/2014-10-31/wall-streets-record-midterm-money-flows-to-republicans,www.bloomberg.com,Record Wall Street Money Flows to GOP...,19,True,None,None,None,None,None,None
http://www.drudgereport.com/,2014-11-01 10:04:37.933678,http://www.washingtonpost.com/blogs/innovations/wp/2014/10/31/what-happens-when-your-friends-smartphone-can-tell-that-youre-lying/,www.washingtonpost.com,Smartphones will soon know when you're lying...,20,True,None,None,None,None,None,None
http://www.drudgereport.com/,2014-11-01 10:04:37.933678,http://www.myfoxdc.com/story/27175786/drivers-scramble-for-cash-on-i-270-after-crash,www.myfoxdc.com,"Drivers Scramble To Grab Money Flying Around Interstate...

Armored Truck And Dump Truck Collide!",21,True,None,None,None,None,None,None
http://www.drudgereport.com/,2014-11-01 10:04:37.933678,http://www.myfoxdc.com/story/27170354/video-cowboys-fan-destroys-house-after-teams-loss-to-redskins,www.myfoxdc.com,SNAP: Cowboys Fan Destroys House After Team's Loss...,22,True,None,None,None,None,None,None
http://www.drudgereport.com/,2014-11-01 10:04:37.933678,http://www.courant.com/breaking-news/hc-stamford-skulls-1101-20141031-story.html#navtype=outfit,www.courant.com,"Human Skulls Found With Books On Satan, Witchcraft...",23,True,None,None,None,None,None,None
http://www.drudgereport.com/,2014-11-01 10:04:37.933678,http://blogs.rollcall.com/rothenblog/obama-poised-to-set-new-midterm-loss-record/,blogs.rollcall.com,DEMOCRAT HALLOWEEN: PARTY LOSSES 'COULD BE HISTORIC'...,24,True,None,None,None,None,None,None
http://www.drudgereport.com/,2014-11-01 10:04:37.933678,http://www.washingtontimes.com/news/2014/oct/29/democrats-use-race-baiting-fliers-to-spur-black-vo/,www.washingtontimes.com,PAPER: Desperate Dems resort to race baiting in final days of election...,25,True,None,None,None,None,None,None
http://www.drudgereport.com/,2014-11-01 10:04:37.933678,http://www.businessinsider.com/charlie-rangel-some-republicans-believe-that-slavery-isnt-over-2014-10,www.businessinsider.com,RANGEL: Some Republicans Believe 'Slavery Isn't Over'...,26,False,None,None,None,None,None,None
http://www.drudgereport.com/,2014-11-01 10:04:37.933678,http://dailycaller.com/2014/10/30/landrieu-obama-and-i-arent-popular-in-the-south-because-its-racist-and-sexist/,dailycaller.com,Landrieu blames Southern hostility...,27,True,None,None,None,None,None,None
http://www.drudgereport.com/,2014-11-01 10:04:37.933678,http://www.nola.com/opinions/index.ssf/2014/10/a_desperate_mary_landrieu_smea.html,www.nola.com,TIMES-PICAYUNE: Desperate Senator smears state she represents...,28,True,None,None,None,None,None,None
http://www.drudgereport.com/,2014-11-01 10:04:37.933678,http://fusion.net/video/24469/spike-lee-on-race-in-america-if-youre-african-american-in-this-country-you-know-what-the-deal-is/,fusion.net,SPIKE LEE: Post-Racial America is 'Bullshit'...,29,True,None,None,None,None,None,None
http://www.drudgereport.com/,2014-11-01 10:04:37.933678,http://news.yahoo.com/graham-remark-helping-white-men-joke-182608380--election.html,news.yahoo.com,GRAHAM: Remark About Helping White Men Was Joke...,30,False,None,None,None,None,None,None
http://www.drudgereport.com/,2014-11-01 10:04:37.933678,http://www.motherjones.com/politics/2014/10/can-voting-facebook-button-improve-voter-turnout,www.motherjones.com,MAG: FACEBOOK conducts secret voting tests on users...,31,True,None,None,None,None,None,None
http://www.drudgereport.com/,2014-11-01 10:04:37.933678,http://eagnews.org/man-in-obama-mask-and-hazmat-suit-posts-obola-posters-across-chicago/,eagnews.org,VIDEO: Man in Obama mask and hazmat suit posts 'Obola' posters across Chicago...,32,False,None,None,None,None,None,None
http://www.drudgereport.com/,2014-11-01 10:04:37.933678,http://stlouis.cbslocal.com/2014/10/30/ferguson-store-owners-customers-too-scared-to-bring-business-to-the-area/,stlouis.cbslocal.com,FEAR GRIPS FERGUSON -- AGAIN...,33,True,None,None,None,None,None,None
http://www.drudgereport.com/,2014-11-01 10:04:37.933678,http://www.kmbc.com/news/sharpton-returns-to-st-louis-shooting-protests/29454486?absolute=true,www.kmbc.com,Sharpton returns...,34,True,None,None,None,None,None,None
http://www.drudgereport.com/,2014-11-01 10:04:37.933678,http://www.washingtonpost.com/world/national-security/federal-civil-rights-charges-unlikely-against-police-officer-in-ferguson-shooting/2014/10/31/56189d80-6055-11e4-8b9e-2ccdac31a031_story.html?hpid=z1,www.washingtonpost.com,WASH POST: Officer unlikely to face civil-rights case...,35,True,None,None,None,None,None,None
http://www.drudgereport.com/,2014-11-01 10:04:37.933678,http://www.nytimes.com/2014/11/01/world/europe/in-air-and-cyberspace-on-land-and-sea-russia-shows-muscle.html,www.nytimes.com,NYT: RUSSIA SHOWS MUSCLE...,36,True,None,None,None,None,None,None
http://www.drudgereport.com/,2014-11-01 10:04:37.933678,http://news.yahoo.com/nato-reports-more-russian-flights-intercepts-193933206.html,news.yahoo.com,"NATO reports more flights, intercepts...",37,False,None,None,None,None,None,None
http://www.drudgereport.com/,2014-11-01 10:04:37.933678,http://news.yahoo.com/back-cold-war-russia-probes-nato-defences-151451899.html;_ylt=AwrBJSDerVNUYmsAHtPQtDMD,news.yahoo.com,Back to Cold War...,38,False,None,None,None,None,None,None
http://www.drudgereport.com/,2014-11-01 10:04:37.933678,http://www.ft.com/cms/s/0/60bc4b0e-6034-11e4-98e6-00144feabdc0.html,www.ft.com,Polish spies return amid east-west tensions...,39,True,None,None,None,None,None,None
http://www.drudgereport.com/,2014-11-01 10:04:37.933678,http://abcnews.go.com/News/career-diplomats-worried-influx-political-appointees-state-department/story?id=26605856,abcnews.go.com,Career Diplomats Worried About Influx of Political Appointees at State Dept...,40,True,None,None,None,None,None,None
http://www.drudgereport.com/,2014-11-01 10:04:37.933678,http://www.washingtonpost.com/blogs/the-switch/wp/2014/10/30/how-one-mans-private-files-ended-up-on-apples-icloud-without-his-consent/,www.washingtonpost.com,APPLE criticized after users' private files end up in cloud...,41,True,None,None,None,None,None,None
http://www.drudgereport.com/,2014-11-01 10:04:37.933678,http://insidetv.ew.com/2014/10/31/reality-tv/,insidetv.ew.com,Reality TV struggling: Cable nets try dramas instead...,42,False,None,None,None,None,None,None
http://www.drudgereport.com/,2014-11-01 10:04:37.933678,http://www.latimes.com/nation/la-na-pot-legalization-20141030-story.html,www.latimes.com,Outlook for states' pot legalization measures goes from solid to shaky...,43,True,None,None,None,None,None,None
http://www.drudgereport.com/,2014-11-01 10:04:37.933678,http://www.telegraph.co.uk/health/healthnews/11199403/Secret-of-healthy-ageing-discovered-in-ground-breaking-35-year-study.html,www.telegraph.co.uk,"Secret of healthy aging discovered in 35-year study...

Eat well, work out and never smoke...",44,True,None,None,None,None,None,None
http://www.drudgereport.com/,2014-11-01 10:04:37.933678,http://www.express.co.uk/life-style/health/529633/5-simple-lifestyle-rules-that-add-years-to-your-life,www.express.co.uk,5 GOLDEN RULES...,45,True,None,None,None,None,None,None
http://www.drudgereport.com/,2014-11-01 10:04:37.933678,http://www.intermarkets.net/adfeedback/form.htm?Plcmt=none&ATFlgt=none&Ntwk=none&NCrt=none,www.intermarkets.net,AD FEEDBACK,46,False,None,None,None,None,None,None
http://www.drudgereport.com/,2014-11-01 10:04:37.933678,http://news.myway.com/index/id/world%7Cap.html,news.myway.com,AP WORLD,47,False,None,None,None,None,None,None
http://www.drudgereport.com/,2014-11-01 10:04:37.933678,http://news.myway.com/index/id/national%7Cap.html,news.myway.com,AP NATIONAL,48,False,None,None,None,None,None,None
http://www.drudgereport.com/,2014-11-01 10:04:37.933678,http://www.lasvegassun.com/news/beltway/,www.lasvegassun.com,AP WASHINGTON,49,False,None,None,None,None,None,None
http://www.drudgereport.com/,2014-11-01 10:04:37.933678,http://news.myway.com/index/id/business%7Cap.html,news.myway.com,AP BUSINESS,50,False,None,None,None,None,None,None
http://www.drudgereport.com/,2014-11-01 10:04:37.933678,http://www.syracuse.com/newsflash/index.ssf/entertainment,www.syracuse.com,AP ENTERTAINMENT,51,False,None,None,None,None,None,None
http://www.drudgereport.com/,2014-11-01 10:04:37.933678,http://news.myway.com/index/id/top|ap.html,news.myway.com,AP ON THE HOUR,52,False,None,None,None,None,None,None
http://www.drudgereport.com/,2014-11-01 10:04:37.933678,http://hosted.ap.org/dynamic/fronts/RAW?SITE=AP&SECTION=HOME,hosted.ap.org,AP RAW,53,False,None,None,None,None,None,None
http://www.drudgereport.com/,2014-11-01 10:04:37.933678,http://ap.tbo.com/breaking/national/,ap.tbo.com,AP BREAKING,54,False,None,None,None,None,None,None
http://www.drudgereport.com/,2014-11-01 10:04:37.933678,http://search.news.yahoo.com/search/news?p=a&c=news_photos,search.news.yahoo.com,AP/REUTERS PHOTO WIRE,55,False,None,None,None,None,None,None
http://www.drudgereport.com/,2014-11-01 10:04:37.933678,http://hosted.ap.org/dynamic/files/specials/videolineups/audio.html?SITE=MNROC&SECTION=HOME,hosted.ap.org,AP AUDIO,56,False,None,None,None,None,None,None
http://www.drudgereport.com/,2014-11-01 10:04:37.933678,http://www.bloomberg.com/?pid=20601087&sid=a0giIbmAzkss&pos=7,www.bloomberg.com,BLOOMBERG,57,False,None,None,None,None,None,None
http://www.drudgereport.com/,2014-11-01 10:04:37.933678,http://home.businesswire.com/portal/site/home/index.jsp?front_door=true&headlineSearchConfigBO=v2*G0,home.businesswire.com,BUSINESS WIRE,58,False,None,None,None,None,None,None
http://www.drudgereport.com/,2014-11-01 10:04:37.933678,http://www.monstersandcritics.com/news/,www.monstersandcritics.com,DEUTSCHE PRESSE-AGENTUR,59,False,None,None,None,None,None,None
http://www.drudgereport.com/,2014-11-01 10:04:37.933678,http://news.nasdaq.com/aspxcontent/newsheadlines.aspx?&SourceCode=,news.nasdaq.com,DOW JONES,60,False,None,None,None,None,None,None
http://www.drudgereport.com/,2014-11-01 10:04:37.933678,http://www.efe.com/principal.asp?opcion=0&idioma=INGLES,www.efe.com,EFE,61,False,None,None,None,None,None,None
http://www.drudgereport.com/,2014-11-01 10:04:37.933678,http://www.ians.in/,www.ians.in,INDO-ASIAN NEWS SERVICE,62,False,None,None,None,None,None,None
http://www.drudgereport.com/,2014-11-01 10:04:37.933678,http://www.interfax.com/,www.interfax.com,INTERFAX,63,False,None,None,None,None,None,None
http://www.drudgereport.com/,2014-11-01 10:04:37.933678,http://www2.irna.ir/en/,www2.irna.ir,ISLAMIC REPUBLIC WIRE,64,False,None,None,None,None,None,None
http://www.drudgereport.com/,2014-11-01 10:04:37.933678,http://www.itar-tass.com/en/,www.itar-tass.com,ITAR-TASS,65,False,None,None,None,None,None,None
http://www.drudgereport.com/,2014-11-01 10:04:37.933678,http://english.kyodonews.jp/,english.kyodonews.jp,KYODO,66,False,None,None,None,None,None,None
http://www.drudgereport.com/,2014-11-01 10:04:37.933678,http://www.mcclatchydc.com/,www.mcclatchydc.com,MCCLATCHY [DC],67,False,None,None,None,None,None,None
http://www.drudgereport.com/,2014-11-01 10:04:37.933678,http://english.pravda.ru/allnews_en.html,english.pravda.ru,PRAVDA,68,False,None,None,None,None,None,None
http://www.drudgereport.com/,2014-11-01 10:04:37.933678,https://uk.news.yahoo.com/uk/,uk.news.yahoo.com,PRESS ASSOCIATION,69,False,None,None,None,None,None,None
http://www.drudgereport.com/,2014-11-01 10:04:37.933678,http://www.ptinews.com/,www.ptinews.com,PRESS TRUST INDIA,70,False,None,None,None,None,None,None
http://www.drudgereport.com/,2014-11-01 10:04:37.933678,http://www.prnewswire.com/news-releases/news-releases-list/,www.prnewswire.com,PR NEWSWIRE,71,False,None,None,None,None,None,None
http://www.drudgereport.com/,2014-11-01 10:04:37.933678,http://biz.yahoo.com/n/y/y0010.html,biz.yahoo.com,[SHOWBIZ] PR WIRE,72,False,None,None,None,None,None,None
http://www.drudgereport.com/,2014-11-01 10:04:37.933678,http://public.shns.com/,public.shns.com,SCRIPPS HOWARD,73,False,None,None,None,None,None,None
http://www.drudgereport.com/,2014-11-01 10:04:37.933678,http://usinfo.state.gov/usinfo/products/washfile.html,usinfo.state.gov,US INFO WIRE,74,False,None,None,None,None,None,None
http://www.drudgereport.com/,2014-11-01 10:04:37.933678,http://www.wenn.com/all-news/,www.wenn.com,WENN SHOWBIZ,75,False,None,None,None,None,None,None
http://www.drudgereport.com/,2014-11-01 10:04:37.933678,http://www.xinhuanet.com/english/,www.xinhuanet.com,XINHUA,76,False,None,None,None,None,None,None
http://www.drudgereport.com/,2014-11-01 10:04:37.933678,http://english.yonhapnews.co.kr/,english.yonhapnews.co.kr,YONHAP,77,False,None,None,None,None,None,None
http://www.drudgereport.com/,2014-11-01 10:04:37.933678,http://www.thepaperboy.com/uk/front-pages.cfm,www.thepaperboy.com,FRONT PAGES UK,78,False,None,None,None,None,None,None
http://www.drudgereport.com/,2014-11-01 10:04:37.933678,http://www.newseum.org/todaysfrontpages/,www.newseum.org,WORLD,79,False,None,None,None,None,None,None
http://www.drudgereport.com/,2014-11-01 10:04:37.933678,http://www.topix.net/,www.topix.net,LOCAL NEWS BY ZIPCODE,80,False,None,None,None,None,None,None
http://www.drudgereport.com/,2014-11-01 10:04:37.933678,http://tvbythenumbers.com/,tvbythenumbers.com,TV RATINGS,81,False,None,None,None,None,None,None
http://www.drudgereport.com/,2014-11-01 10:04:37.933678,http://boxofficemojo.com/daily/chart/,boxofficemojo.com,MOVIE BOXOFFICE,82,False,None,None,None,None,None,None
http://www.drudgereport.com/,2014-11-01 10:04:37.933678,http://www.abcnews.com/,www.abcnews.com,ABCNEWS,83,False,None,None,None,None,None,None
http://www.drudgereport.com/,2014-11-01 10:04:37.933678,http://www.accesshollywood.com/,www.accesshollywood.com,ACCESS HOLLYWOOD,84,False,None,None,None,None,None,None
http://www.drudgereport.com/,2014-11-01 10:04:37.933678,http://adage.com/news_and_features/deadline/index.html,adage.com,AD AGE DEADLINE,85,False,None,None,None,None,None,None
http://www.drudgereport.com/,2014-11-01 10:04:37.933678,http://www.Adweek.com/,www.Adweek.com,ADWEEK,86,False,None,None,None,None,None,None
http://www.drudgereport.com/,2014-11-01 10:04:37.933678,http://www.antiwar.com/,www.antiwar.com,ANTI-WAR.COM,87,False,None,None,None,None,None,None
http://www.drudgereport.com/,2014-11-01 10:04:37.933678,http://www.theatlantic.com/,www.theatlantic.com,ATLANTIC,88,False,None,None,None,None,None,None
http://www.drudgereport.com/,2014-11-01 10:04:37.933678,http://www.theatlanticwire.com/,www.theatlanticwire.com,ATLANTIC WIRE,89,False,None,None,None,None,None,None
http://www.drudgereport.com/,2014-11-01 10:04:37.933678,http://news.bbc.co.uk/default.stm,news.bbc.co.uk,BBC,90,False,None,None,None,None,None,None
http://www.drudgereport.com/,2014-11-01 10:04:37.933678,http://www.bbc.co.uk/worldservice/news/summary.ram,www.bbc.co.uk,BBC AUDIO,91,False,None,None,None,None,None,None
http://www.drudgereport.com/,2014-11-01 10:04:37.933678,http://www.bild.com/,www.bild.com,BILD,92,False,None,None,None,None,None,None
http://www.drudgereport.com/,2014-11-01 10:04:37.933678,http://www.billboard.com/,www.billboard.com,BILLBOARD,93,False,None,None,None,None,None,None
http://www.drudgereport.com/,2014-11-01 10:04:37.933678,http://www.theblaze.com/,www.theblaze.com,BLAZE,94,False,None,None,None,None,None,None
http://www.drudgereport.com/,2014-11-01 10:04:37.933678,http://www.boston.com/globe/,www.boston.com,BOSTON GLOBE,95,False,None,None,None,None,None,None
http://www.drudgereport.com/,2014-11-01 10:04:37.933678,http://bostonherald.com/news,bostonherald.com,BOSTON HERALD,96,False,None,None,None,None,None,None
http://www.drudgereport.com/,2014-11-01 10:04:37.933678,http://www.breitbart.com/,www.breitbart.com,BREITBART,97,False,None,None,None,None,None,None
http://www.drudgereport.com/,2014-11-01 10:04:37.933678,http://www.broadcastingcable.com/,www.broadcastingcable.com,BROADCASTING & CABLE,98,False,None,None,None,None,None,None
http://www.drudgereport.com/,2014-11-01 10:04:37.933678,http://www.businessinsider.com/,www.businessinsider.com,BUSINESS INSIDER,99,False,None,None,None,None,None,None
http://www.drudgereport.com/,2014-11-01 10:04:37.933678,http://www.buzzfeed.com/,www.buzzfeed.com,BUZZFEED,100,False,None,None,None,None,None,None
http://www.drudgereport.com/,2014-11-01 10:04:37.933678,http://www.cbsnews.com/,www.cbsnews.com,CBS NEWS,101,False,None,None,None,None,None,None
http://www.drudgereport.com/,2014-11-01 10:04:37.933678,http://www.c-span.org/,www.c-span.org,C-SPAN,102,False,None,None,None,None,None,None
http://www.drudgereport.com/,2014-11-01 10:04:37.933678,http://www.suntimes.com/,www.suntimes.com,CHICAGO SUN-TIMES,103,False,None,None,None,None,None,None
http://www.drudgereport.com/,2014-11-01 10:04:37.933678,http://www.chicagotribune.com/,www.chicagotribune.com,CHICAGO TRIB,104,False,None,None,None,None,None,None
http://www.drudgereport.com/,2014-11-01 10:04:37.933678,http://www.csmonitor.com/,www.csmonitor.com,CHRISTIAN SCIENCE,105,False,None,None,None,None,None,None
http://www.drudgereport.com/,2014-11-01 10:04:37.933678,http://www.cnbc.com/,www.cnbc.com,CNBC,106,False,None,None,None,None,None,None
http://www.drudgereport.com/,2014-11-01 10:04:37.933678,http://www.cnn.com/,www.cnn.com,CNN,107,False,None,None,None,None,None,None
http://www.drudgereport.com/,2014-11-01 10:04:37.933678,http://www.cnn.com/POLITICS/blogs/politicalticker,www.cnn.com,CNN POLITICAL TICKER,108,False,None,None,None,None,None,None
http://www.drudgereport.com/,2014-11-01 10:04:37.933678,http://thedailybeast.com/,thedailybeast.com,DAILY BEAST,109,False,None,None,None,None,None,None
http://www.drudgereport.com/,2014-11-01 10:04:37.933678,http://dailycaller.com/,dailycaller.com,DAILY CALLER,110,False,None,None,None,None,None,None
http://www.drudgereport.com/,2014-11-01 10:04:37.933678,http://dailykos.com/,dailykos.com,DAILY KOS,111,False,None,None,None,None,None,None
http://www.drudgereport.com/,2014-11-01 10:04:37.933678,http://www.thedailyswarm.com/,www.thedailyswarm.com,DAILY SWARM,112,False,None,None,None,None,None,None
http://www.drudgereport.com/,2014-11-01 10:04:37.933678,http://www.variety.com/,www.variety.com,DAILY VARIETY,113,False,None,None,None,None,None,None
http://www.drudgereport.com/,2014-11-01 10:04:37.933678,http://www.deadline.com/hollywood/,www.deadline.com,DEADLINE HOLLYWOOD,114,False,None,None,None,None,None,None
http://www.drudgereport.com/,2014-11-01 10:04:37.933678,http://www.spiegel.de/international,www.spiegel.de,DER SPIEGEL,115,False,None,None,None,None,None,None
http://www.drudgereport.com/,2014-11-01 10:04:37.933678,http://www.eonline.com/index.jsp,www.eonline.com,E!,116,False,None,None,None,None,None,None
http://www.drudgereport.com/,2014-11-01 10:04:37.933678,http://www.economist.com/,www.economist.com,ECONOMIST,117,False,None,None,None,None,None,None
http://www.drudgereport.com/,2014-11-01 10:04:37.933678,http://www.editorandpublisher.com/home.aspx,www.editorandpublisher.com,EDITOR & PUBLISHER,118,False,None,None,None,None,None,None
http://www.drudgereport.com/,2014-11-01 10:04:37.933678,http://www.emirates247.com/,www.emirates247.com,EMIRATES 24/7,119,False,None,None,None,None,None,None
http://www.drudgereport.com/,2014-11-01 10:04:37.933678,http://www.ew.com/ew/,www.ew.com,ENT WEEKLY,120,False,None,None,None,None,None,None
http://www.drudgereport.com/,2014-11-01 10:04:37.933678,http://www.esquire.com/,www.esquire.com,ESQUIRE,121,False,None,None,None,None,None,None
http://www.drudgereport.com/,2014-11-01 10:04:37.933678,http://www.ft.com/,www.ft.com,FINANCIAL TIMES,122,False,None,None,None,None,None,None
http://www.drudgereport.com/,2014-11-01 10:04:37.933678,http://www.forbes.com/,www.forbes.com,FORBES,123,False,None,None,None,None,None,None
http://www.drudgereport.com/,2014-11-01 10:04:37.933678,http://www.foxnews.com/,www.foxnews.com,FOXNEWS,124,False,None,None,None,None,None,None
http://www.drudgereport.com/,2014-11-01 10:04:37.933678,http://www.thefoxnation.com/,www.thefoxnation.com,FOXNEWS NATION,125,False,None,None,None,None,None,None
http://www.drudgereport.com/,2014-11-01 10:04:37.933678,http://www.france24.com/en/,www.france24.com,FRANCE 24,126,False,None,None,None,None,None,None
http://www.drudgereport.com/,2014-11-01 10:04:37.933678,http://freebeacon.com/,freebeacon.com,FREE BEACON,127,False,None,None,None,None,None,None
http://www.drudgereport.com/,2014-11-01 10:04:37.933678,http://www.freerepublic.com/home.htm,www.freerepublic.com,FREE REPUBLIC,128,False,None,None,None,None,None,None
http://www.drudgereport.com/,2014-11-01 10:04:37.933678,http://www.gawker.com/,www.gawker.com,GAWKER,129,False,None,None,None,None,None,None
http://www.drudgereport.com/,2014-11-01 10:04:37.933678,http://www.hotair.com/,www.hotair.com,HOT AIR,130,False,None,None,None,None,None,None
http://www.drudgereport.com/,2014-11-01 10:04:37.933678,http://www.hellomagazine.com/,www.hellomagazine.com,HELLO!,131,False,None,None,None,None,None,None
http://www.drudgereport.com/,2014-11-01 10:04:37.933678,http://thehill.com/,thehill.com,HILL,132,False,None,None,None,None,None,None
http://www.drudgereport.com/,2014-11-01 10:04:37.933678,http://www.hollywoodreporter.com/,www.hollywoodreporter.com,H'WOOD REPORTER,133,False,None,None,None,None,None,None
http://www.drudgereport.com/,2014-11-01 10:04:37.933678,http://www.huffingtonpost.com/,www.huffingtonpost.com,HUFFINGTON POST,134,False,None,None,None,None,None,None
http://www.drudgereport.com/,2014-11-01 10:04:37.933678,http://www.humanevents.com/,www.humanevents.com,HUMAN EVENTS,135,False,None,None,None,None,None,None
http://www.drudgereport.com/,2014-11-01 10:04:37.933678,http://www.iafrica.com/,www.iafrica.com,IAFRICA,136,False,None,None,None,None,None,None
http://www.drudgereport.com/,2014-11-01 10:04:37.933678,http://www.iht.com/,www.iht.com,INTERNATIONAL HERALD TRIB,137,False,None,None,None,None,None,None
http://www.drudgereport.com/,2014-11-01 10:04:37.933678,http://www.infowars.com/,www.infowars.com,INFOWARS,138,False,None,None,None,None,None,None
http://www.drudgereport.com/,2014-11-01 10:04:37.933678,https://firstlook.org/theintercept/,firstlook.org,INTERCEPT,139,False,None,None,None,None,None,None
http://www.drudgereport.com/,2014-11-01 10:04:37.933678,http://www.investors.com/,www.investors.com,INVEST BUS DAILY,140,False,None,None,None,None,None,None
http://www.drudgereport.com/,2014-11-01 10:04:37.933678,http://www.jpost.com/,www.jpost.com,JERUSALEM POST,141,False,None,None,None,None,None,None
http://www.drudgereport.com/,2014-11-01 10:04:37.933678,http://www.dailynewslosangeles.com/,www.dailynewslosangeles.com,LA DAILY NEWS,142,False,None,None,None,None,None,None
http://www.drudgereport.com/,2014-11-01 10:04:37.933678,http://www.latimes.com/,www.latimes.com,LA TIMES,143,False,None,None,None,None,None,None
http://www.drudgereport.com/,2014-11-01 10:04:37.933678,http://www.lucianne.com/,www.lucianne.com,LUCIANNE.COM,144,False,None,None,None,None,None,None
http://www.drudgereport.com/,2014-11-01 10:04:37.933678,http://www.mediaweek.com/,www.mediaweek.com,MEDIA WEEK,145,False,None,None,None,None,None,None
http://www.drudgereport.com/,2014-11-01 10:04:37.933678,http://www.mediaite.com/,www.mediaite.com,MEDIAITE,146,False,None,None,None,None,None,None
http://www.drudgereport.com/,2014-11-01 10:04:37.933678,http://www.motherjones.com/,www.motherjones.com,MOTHER JONES,147,False,None,None,None,None,None,None
http://www.drudgereport.com/,2014-11-01 10:04:37.933678,http://www.msnbc.msn.com/,www.msnbc.msn.com,MSNBC,148,False,None,None,None,None,None,None
http://www.drudgereport.com/,2014-11-01 10:04:37.933678,http://www.TheNation.com/,www.TheNation.com,NATION,149,False,None,None,None,None,None,None
http://www.drudgereport.com/,2014-11-01 10:04:37.933678,http://www.nationalenquirer.com/,www.nationalenquirer.com,NATIONAL ENQUIRER,150,False,None,None,None,None,None,None
http://www.drudgereport.com/,2014-11-01 10:04:37.933678,http://nationaljournal.com/,nationaljournal.com,NATIONAL JOURNAL,151,False,None,None,None,None,None,None
http://www.drudgereport.com/,2014-11-01 10:04:37.933678,http://www.nationalreview.com/,www.nationalreview.com,NATIONAL REVIEW,152,False,None,None,None,None,None,None
http://www.drudgereport.com/,2014-11-01 10:04:37.933678,http://www.nbcnews.com/,www.nbcnews.com,NBC NEWS,153,False,None,None,None,None,None,None
http://www.drudgereport.com/,2014-11-01 10:04:37.933678,http://www.thenewrepublic.com/,www.thenewrepublic.com,NEW REPUBLIC,154,False,None,None,None,None,None,None
http://www.drudgereport.com/,2014-11-01 10:04:37.933678,http://www.newsweek.com/newswire,www.newsweek.com,NEWSWEEK,155,False,None,None,None,None,None,None
http://www.drudgereport.com/,2014-11-01 10:04:37.933678,http://nymag.com/,nymag.com,NEW YORK,156,False,None,None,None,None,None,None
http://www.drudgereport.com/,2014-11-01 10:04:37.933678,http://www.nydailynews.com/,www.nydailynews.com,NY DAILY NEWS,157,False,None,None,None,None,None,None
http://www.drudgereport.com/,2014-11-01 10:04:37.933678,http://www.observer.com/,www.observer.com,NY OBSERVER,158,False,None,None,None,None,None,None
http://www.drudgereport.com/,2014-11-01 10:04:37.933678,http://www.nypost.com/,www.nypost.com,NY POST,159,False,None,None,None,None,None,None
http://www.drudgereport.com/,2014-11-01 10:04:37.933678,http://www.nytimes.com/,www.nytimes.com,NY TIMES,160,False,None,None,None,None,None,None
http://www.drudgereport.com/,2014-11-01 10:04:37.933678,http://www.nytimes.com/timeswire/,www.nytimes.com,NY TIMES WIRE,161,False,None,None,None,None,None,None
http://www.drudgereport.com/,2014-11-01 10:04:37.933678,http://www.newyorker.com/,www.newyorker.com,NEW YORKER,162,False,None,None,None,None,None,None
http://www.drudgereport.com/,2014-11-01 10:04:37.933678,http://newsbusters.org/,newsbusters.org,NEWSBUSTERS,163,False,None,None,None,None,None,None
http://www.drudgereport.com/,2014-11-01 10:04:37.933678,http://www.newsbytes.com/,www.newsbytes.com,NEWSBYTES,164,False,None,None,None,None,None,None
http://www.drudgereport.com/,2014-11-01 10:04:37.933678,http://www.newsmax.com/,www.newsmax.com,NEWSMAX,165,False,None,None,None,None,None,None
http://www.drudgereport.com/,2014-11-01 10:04:37.933678,http://www.newsweek.com/,www.newsweek.com,NEWSWEEK,166,False,None,None,None,None,None,None
http://www.drudgereport.com/,2014-11-01 10:04:37.933678,http://www.kcna.co.jp/index-e.htm,www.kcna.co.jp,NKOREAN NEWS,167,False,None,None,None,None,None,None
http://www.drudgereport.com/,2014-11-01 10:04:37.933678,http://www.people.com/,www.people.com,PEOPLE,168,False,None,None,None,None,None,None
http://www.drudgereport.com/,2014-11-01 10:04:37.933678,http://www.philly.com/mld/inquirer,www.philly.com,PHILLY INQUIRER,169,False,None,None,None,None,None,None
http://www.drudgereport.com/,2014-11-01 10:04:37.933678,http://www.philly.com/mld/dailynews,www.philly.com,PHILLY DAILY NEWS,170,False,None,None,None,None,None,None
http://www.drudgereport.com/,2014-11-01 10:04:37.933678,http://pjmedia.com/,pjmedia.com,PJ MEDIA,171,False,None,None,None,None,None,None
http://www.drudgereport.com/,2014-11-01 10:04:37.933678,http://www.politico.com/,www.politico.com,POLITICO,172,False,None,None,None,None,None,None
http://www.drudgereport.com/,2014-11-01 10:04:37.933678,http://radaronline.com/,radaronline.com,RADAR,173,False,None,None,None,None,None,None
http://www.drudgereport.com/,2014-11-01 10:04:37.933678,http://realclearpolitics.com/,realclearpolitics.com,REAL CLEAR POLITICS,174,False,None,None,None,None,None,None
http://www.drudgereport.com/,2014-11-01 10:04:37.933678,http://www.reasonmag.com/,www.reasonmag.com,REASON,175,False,None,None,None,None,None,None
http://www.drudgereport.com/,2014-11-01 10:04:37.933678,http://www.redstate.com/,www.redstate.com,RED STATE,176,False,None,None,None,None,None,None
http://www.drudgereport.com/,2014-11-01 10:04:37.933678,http://www.rollcall.com/,www.rollcall.com,ROLL CALL,177,False,None,None,None,None,None,None
http://www.drudgereport.com/,2014-11-01 10:04:37.933678,http://www.rollingstone.com/,www.rollingstone.com,ROLLING STONE,178,False,None,None,None,None,None,None
http://www.drudgereport.com/,2014-11-01 10:04:37.933678,http://www.salon.com/,www.salon.com,SALON,179,False,None,None,None,None,None,None
http://www.drudgereport.com/,2014-11-01 10:04:37.933678,http://www.sfgate.com/chronicle/,www.sfgate.com,SAN FRAN CHRON,180,False,None,None,None,None,None,None
http://www.drudgereport.com/,2014-11-01 10:04:37.933678,http://www.seattletimes.com/,www.seattletimes.com,SEATTLE TIMES,181,False,None,None,None,None,None,None
http://www.drudgereport.com/,2014-11-01 10:04:37.933678,http://news.sky.com/,news.sky.com,SKY NEWS,182,False,None,None,None,None,None,None
http://www.drudgereport.com/,2014-11-01 10:04:37.933678,http://www.slate.com/,www.slate.com,SLATE,183,False,None,None,None,None,None,None
http://www.drudgereport.com/,2014-11-01 10:04:37.933678,http://thesmokinggun.com/,thesmokinggun.com,SMOKING GUN,184,False,None,None,None,None,None,None
http://www.drudgereport.com/,2014-11-01 10:04:37.933678,http://www.splashnewsonline.com/,www.splashnewsonline.com,SPLASH,185,False,None,None,None,None,None,None
http://www.drudgereport.com/,2014-11-01 10:04:37.933678,http://www.starmagazine.com/,www.starmagazine.com,STAR,186,False,None,None,None,None,None,None
http://www.drudgereport.com/,2014-11-01 10:04:37.933678,http://www.smh.com.au/text/index.html,www.smh.com.au,SYDNEY MORNING HERALD,187,False,None,None,None,None,None,None
http://www.drudgereport.com/,2014-11-01 10:04:37.933678,http://talkingpointsmemo.com/,talkingpointsmemo.com,TALKING POINTS MEMO,188,False,None,None,None,None,None,None
http://www.drudgereport.com/,2014-11-01 10:04:37.933678,http://time.com/,time.com,TIME MAG,189,False,None,None,None,None,None,None
http://www.drudgereport.com/,2014-11-01 10:04:37.933678,http://www.TMZ.com/,www.TMZ.com,TMZ,190,False,None,None,None,None,None,None
http://www.drudgereport.com/,2014-11-01 10:04:37.933678,http://www.dailymail.co.uk/home/index.html,www.dailymail.co.uk,[UK] DAILY MAIL,191,False,None,None,None,None,None,None
http://www.drudgereport.com/,2014-11-01 10:04:37.933678,http://www.mirror.co.uk/,www.mirror.co.uk,[UK] DAILY MIRROR,192,False,None,None,None,None,None,None
http://www.drudgereport.com/,2014-11-01 10:04:37.933678,http://www.dailyrecord.co.uk/news/,www.dailyrecord.co.uk,[UK] DAILY RECORD,193,False,None,None,None,None,None,None
http://www.drudgereport.com/,2014-11-01 10:04:37.933678,http://www.thisislondon.co.uk/news,www.thisislondon.co.uk,[UK] EVENING STANDARD,194,False,None,None,None,None,None,None
http://www.drudgereport.com/,2014-11-01 10:04:37.933678,http://www.express.co.uk/,www.express.co.uk,[UK] EXPRESS,195,False,None,None,None,None,None,None
http://www.drudgereport.com/,2014-11-01 10:04:37.933678,http://www.guardian.co.uk/world,www.guardian.co.uk,[UK] GUARDIAN,196,False,None,None,None,None,None,None
http://www.drudgereport.com/,2014-11-01 10:04:37.933678,http://www.independent.co.uk/,www.independent.co.uk,[UK] INDEPENDENT,197,False,None,None,None,None,None,None
http://www.drudgereport.com/,2014-11-01 10:04:37.933678,http://www.thesun.co.uk/,www.thesun.co.uk,[UK] SUN,198,False,None,None,None,None,None,None
http://www.drudgereport.com/,2014-11-01 10:04:37.933678,http://www.telegraph.co.uk/,www.telegraph.co.uk,[UK] TELEGRAPH,199,False,None,None,None,None,None,None
http://www.drudgereport.com/,2014-11-01 10:04:37.933678,http://www.usnews.com/usnews/home.htm,www.usnews.com,US NEWS,200,False,None,None,None,None,None,None
http://www.drudgereport.com/,2014-11-01 10:04:37.933678,http://www.usatoday.com/,www.usatoday.com,USA TODAY,201,False,None,None,None,None,None,None
http://www.drudgereport.com/,2014-11-01 10:04:37.933678,http://www.vanityfair.com/,www.vanityfair.com,VANITY FAIR,202,False,None,None,None,None,None,None
http://www.drudgereport.com/,2014-11-01 10:04:37.933678,http://www.theverge.com/,www.theverge.com,VERGE,203,False,None,None,None,None,None,None
http://www.drudgereport.com/,2014-11-01 10:04:37.933678,http://www.villagevoice.com/,www.villagevoice.com,VILLAGE VOICE,204,False,None,None,None,None,None,None
http://www.drudgereport.com/,2014-11-01 10:04:37.933678,http://www.vox.com/,www.vox.com,VOX,205,False,None,None,None,None,None,None
http://www.drudgereport.com/,2014-11-01 10:04:37.933678,http://online.wsj.com/home-page,online.wsj.com,WALL STREET JOURNAL,206,False,None,None,None,None,None,None
http://www.drudgereport.com/,2014-11-01 10:04:37.933678,http://online.wsj.com/public/page/news-viewer.html,online.wsj.com,WALL STREET JOURNAL FEED,207,False,None,None,None,None,None,None
http://www.drudgereport.com/,2014-11-01 10:04:37.933678,http://www.washingtonexaminer.com/,www.washingtonexaminer.com,WASH EXAMINER,208,False,None,None,None,None,None,None
http://www.drudgereport.com/,2014-11-01 10:04:37.933678,http://www.washingtonpost.com/,www.washingtonpost.com,WASH POST,209,False,None,None,None,None,None,None
http://www.drudgereport.com/,2014-11-01 10:04:37.933678,http://www.washingtontimes.com/,www.washingtontimes.com,WASH TIMES,210,False,None,None,None,None,None,None
http://www.drudgereport.com/,2014-11-01 10:04:37.933678,http://www.weeklystandard.com/,www.weeklystandard.com,WEEKLY STANDARD,211,False,None,None,None,None,None,None
http://www.drudgereport.com/,2014-11-01 10:04:37.933678,http://www.wnd.com/,www.wnd.com,WORLD NET DAILY,212,False,None,None,None,None,None,None
http://www.drudgereport.com/,2014-11-01 10:04:37.933678,http://www.wowowow.com/,www.wowowow.com,WOWOWOW,213,False,None,None,None,None,None,None
http://www.drudgereport.com/,2014-11-01 10:04:37.933678,http://www.x17online.com/,www.x17online.com,X17,214,False,None,None,None,None,None,None
http://www.drudgereport.com/,2014-11-01 10:04:37.933678,http://hosted.ap.org/dynamic/stories/U/US_MARINE_RELEASED?SITE=AP&SECTION=HOME&TEMPLATE=DEFAULT&CTIME=2014-10-31-20-17-02,hosted.ap.org,Mexican Judge orders release of jailed Marine...,215,False,None,None,None,None,None,None
http://www.drudgereport.com/,2014-11-01 10:04:37.933678,http://www.macrumors.com/2014/10/31/fingerprints-not-protected-by-fifth-amendment/,www.macrumors.com,Court: Police Can Force Fingers to Unlock iPhones...,216,True,None,None,None,None,None,None
http://www.drudgereport.com/,2014-11-01 10:04:37.933678,http://www.chicagotribune.com/news/local/breaking/chi-snow-possible-weather-story-20141031-story.html,www.chicagotribune.com,Chicago Halloween Snowfall Record...,217,True,None,None,None,None,None,None
http://www.drudgereport.com/,2014-11-01 10:04:37.933678,http://www.nbcnews.com/news/us-news/arctic-halloween-weather-snow-record-lows-eastern-u-s-n238116,www.nbcnews.com,Record Lows Across East...,218,True,None,None,None,None,None,None
http://www.drudgereport.com/,2014-11-01 10:04:37.933678,http://www.tribtown.com/view/story/8cd7491f5dbc415b82f45dd0eb1ef8ff/AL--Alabama-Weather-Cold-Air,www.tribtown.com,Freeze warning for AL...,219,True,None,None,None,None,None,None
http://www.drudgereport.com/,2014-11-01 10:04:37.933678,http://www.hollywoodreporter.com/news/pentagon-objections-fox-news-will-745551,www.hollywoodreporter.com,Pentagon Warns SEAL Who Shot Bin Laden Not To Go On FOXNEWS...,220,True,None,None,None,None,None,None
http://www.drudgereport.com/,2014-11-01 10:04:37.933678,http://www.nbcwashington.com/investigations/Federal-Government-Made-20-Billion-in-Secret-Purchases-in-Recent-Months-280997562.html,www.nbcwashington.com,Federal Govt Made $20 Billion in Secret Purchases in Recent Months...,221,True,None,None,None,None,None,None
http://www.drudgereport.com/,2014-11-01 10:04:37.933678,http://bigstory.ap.org/article/c174e3f138024e7ab4241e834e0eed5b/apnewsbreak-medicare-bought-meds-dead-people,bigstory.ap.org,DRUGS FOR DEAD: Medicare paying for costly meds even after patients pass...,222,True,None,None,None,None,None,None
http://www.drudgereport.com/,2014-11-01 10:04:37.933678,http://nypost.com/2014/10/30/democrats-threaten-voters-to-get-to-the-polls/,nypost.com,Pols send voters threatening letters...,223,True,None,None,None,None,None,None
http://www.drudgereport.com/,2014-11-01 10:04:37.933678,http://www.washingtontimes.com/news/2014/oct/30/fundraising-emails-try-to-shame-last-minute-dollar/,www.washingtontimes.com,Shame with fundraising emails...,224,True,None,None,None,None,None,None
http://www.drudgereport.com/,2014-11-01 10:04:37.933678,http://www.breitbart.com/Breitbart-TV/2014/10/29/Mother-of-Man-Killed-By-Illegal-Pres-Ignoring-Us-Completely,www.breitbart.com,Mother of man killed by illegal: Obama 'ignoring us completely'...,225,True,None,None,None,None,None,None
http://www.drudgereport.com/,2014-11-01 10:04:37.933678,"https://www.google.com/url?sa=t&rct=j&q=&esrc=s&source=web&cd=1&cad=rja&uact=8&ved=0CCEQqQIwAA&url=http%3A%2F%2Fonline.wsj.com%2Farticles%2Fobama-may-cut-deportations-1414626089&ei=HGdSVLHZCqnksASH84GoBQ&usg=AFQjCNGKKyOLncB3FXS8EurghYPNVw5mHQ&sig2=vPyrQJ71dJjxmLFUJ1Xyzw&bvm=bv.78597519,d.cWc",www.google.com,PREZ PREPS AMNESTY PLAN...,226,False,None,None,None,None,None,None
http://www.drudgereport.com/,2014-11-01 10:04:37.933678,http://www.breitbart.com/Big-Government/2014/10/30/Pelosi-Gutierrez-Obama-Should-Give-Temporary-Amnesty-to-All-Illegals,www.breitbart.com,PELOSIGUTIERREZ Pen Op-ed in Spanish...,227,True,None,None,None,None,None,None
http://www.drudgereport.com/,2014-11-01 10:04:37.933678,http://cnsnews.com/news/article/brittany-m-hughes/rep-smith-slams-use-obamacare-funds-promote-dreamer-amnesty,cnsnews.com,Obamacare dollars being used to promote on UNIVISION?,228,True,None,None,None,None,None,None
http://www.drudgereport.com/,2014-11-01 10:04:37.933678,http://www.breitbart.com/Breitbart-California/2014/10/29/Revealed-The-Tech-Sector-s-Permanent-Campaign-for-Amnesty,www.breitbart.com,Zuckerberg for massive push...,229,True,None,None,None,None,None,None
http://www.drudgereport.com/,2014-11-01 10:04:37.933678,http://www.weeklystandard.com/blogs/sessions-world-has-turned-upside-down_817731.html,www.weeklystandard.com,SESSIONS: 'World Has Turned Upside Down'...,230,True,None,None,None,None,None,None
http://www.drudgereport.com/,2014-11-01 10:04:37.933678,http://losangeles.cbslocal.com/2014/10/30/lausd-responds-to-backlash-over-english-only-cafeteria-rule/,losangeles.cbslocal.com,LA School Officials Defend 'English Only' Policy After Backlash...,231,True,None,None,None,None,None,None
http://www.drudgereport.com/,2014-11-01 10:04:37.933678,http://www.foxnews.com/politics/2014/10/31/debate-moderator-apologizes-for-accusing-scott-brown-botching-nh-geography/,www.foxnews.com,UPDATE: Debate moderator apologizes for accusing Scott Brown of botching NH geography...,232,True,None,None,None,None,None,None
http://www.drudgereport.com/,2014-11-01 10:04:37.933678,http://news.yahoo.com/hungary-shelve-plans-internet-tax-now-pm-says-081605990--sector.html;_ylt=AwrBEiGvr1NU3H8AQbrQtDMD,news.yahoo.com,UPDATE: Hungary suspends Internet tax after huge protests...,233,False,None,None,None,None,None,None
http://www.drudgereport.com/,2014-11-01 10:04:37.933678,http://www.independent.co.uk/news/world/europe/pope-francis-caring-for-the-poor-does-not-make-you-a-communist-9828856.html,www.independent.co.uk,POPE: 'Caring for poor does not make you communist'...,234,True,None,None,None,None,None,None
http://www.drudgereport.com/,2014-11-01 10:04:37.933678,http://www.thestate.com/2014/10/30/3777938/hawaii-lava-flow-is-slow-gentle.html,www.thestate.com,Guard troops sent to site of Hawaii lava flow...,235,True,None,None,None,None,None,None
http://www.drudgereport.com/,2014-11-01 10:04:37.933678,http://eagnews.org/shock-dead-bobcat-hung-from-goal-post-before-school-rivals-big-game/,eagnews.org,SHOCK: Dead bobcat hung from goal post before school rivals' big game...,236,False,None,None,None,None,None,None
http://www.drudgereport.com/,2014-11-01 10:04:37.933678,http://af.reuters.com/article/topNews/idAFKBN0IK1RQ20141031,af.reuters.com,"Congo crowd kills man, eats him after militant massacres...",237,True,None,None,None,None,None,None
http://www.drudgereport.com/,2014-11-01 10:04:37.933678,http://www.utsandiego.com/news/2014/oct/31/grim-reaper-costume-attack-vista-home-stabbing/,www.utsandiego.com,'Grim Reaper' attacks woman in bathroom...,238,True,None,None,None,None,None,None
http://www.drudgereport.com/,2014-11-01 10:04:37.933678,http://www.mlive.com/weather/index.ssf/2014/10/lake_michigan_buoy_records_217.html,www.mlive.com,"Monstrous Lake Michigan waves top 21 feet!

Second-highest on record...",239,True,None,None,None,None,None,None
http://www.drudgereport.com/,2014-11-01 10:04:37.933678,http://wabcradio.com/,wabcradio.com,WABC RADIO...,240,False,None,None,None,None,None,None
http://www.drudgereport.com/,2014-11-01 10:04:37.933678,http://www.iheart.com/live/5874/?autoplay=true,www.iheart.com,WOR...,241,False,None,None,None,None,None,None
http://www.drudgereport.com/,2014-11-01 10:04:37.933678,http://www.kfiam640.com/main.html,www.kfiam640.com,KFI: LA...,242,False,None,None,None,None,None,None
http://www.drudgereport.com/,2014-11-01 10:04:37.933678,http://www.wtop.com/,www.wtop.com,WTOP: DC...,243,False,None,None,None,None,None,None
http://www.drudgereport.com/,2014-11-01 10:04:37.933678,http://blogs.abcnews.com/thenote/,blogs.abcnews.com,ABCNEWS NOTE,244,False,None,None,None,None,None,None
http://www.drudgereport.com/,2014-11-01 10:04:37.933678,http://www.foxnews.com/category/fox-news-first,www.foxnews.com,FOXNEWS FIRST,245,False,None,None,None,None,None,None
http://www.drudgereport.com/,2014-11-01 10:04:37.933678,http://www.politico.com/playbook/,www.politico.com,MIKE ALLEN PLAYBOOK,246,False,None,None,None,None,None,None
http://www.drudgereport.com/,2014-11-01 10:04:37.933678,http://firstread.msnbc.msn.com/,firstread.msnbc.msn.com,MSNBC FIRST READ,247,False,None,None,None,None,None,None
http://www.drudgereport.com/,2014-11-01 10:04:37.933678,http://www.politico.com/morningscore/,www.politico.com,POLITICO MORNING SCORE,248,False,None,None,None,None,None,None
http://www.drudgereport.com/,2014-11-01 10:04:37.933678,http://voices.washingtonpost.com/44/,voices.washingtonpost.com,WASH POST RUNDOWN...,249,False,None,None,None,None,None,None
http://www.drudgereport.com/,2014-11-01 10:04:37.933678,http://www.mirror.co.uk/3am/,www.mirror.co.uk,3 AM GIRLS,250,False,None,None,None,None,None,None
http://www.drudgereport.com/,2014-11-01 10:04:37.933678,http://pagesix.com/author/cindy-adams/,pagesix.com,CINDY ADAMS,251,False,None,None,None,None,None,None
http://www.drudgereport.com/,2014-11-01 10:04:37.933678,http://www.dailymail.co.uk/tvshowbiz/columnist-1000601/Baz-Bamigboye.html,www.dailymail.co.uk,BAZ BAMIGBOYE,252,False,None,None,None,None,None,None
http://www.drudgereport.com/,2014-11-01 10:04:37.933678,http://blogs.herald.com/dave_barrys_blog/,blogs.herald.com,DAVE BARRY,253,False,None,None,None,None,None,None
http://www.drudgereport.com/,2014-11-01 10:04:37.933678,http://www.weeklystandard.com/author/fred-barnes,www.weeklystandard.com,FRED BARNES,254,False,None,None,None,None,None,None
http://www.drudgereport.com/,2014-11-01 10:04:37.933678,http://washingtonexaminer.com/author/michael-barone,washingtonexaminer.com,MICHAEL BARONE,255,False,None,None,None,None,None,None
http://www.drudgereport.com/,2014-11-01 10:04:37.933678,http://www.theblaze.com/,www.theblaze.com,GLENN BECK,256,False,None,None,None,None,None,None
http://www.drudgereport.com/,2014-11-01 10:04:37.933678,http://washingtonexaminer.com/politics/washington-secrets,washingtonexaminer.com,PAUL BEDARD,257,False,None,None,None,None,None,None
http://www.drudgereport.com/,2014-11-01 10:04:37.933678,http://www.thesun.co.uk/sol/homepage/showbiz/bizarre/,www.thesun.co.uk,BIZARRE [SUN],258,False,None,None,None,None,None,None
http://www.drudgereport.com/,2014-11-01 10:04:37.933678,http://www.cnn.com/POLITICS/borger.commentary/archive,www.cnn.com,GLORIA BORGER,259,False,None,None,None,None,None,None
http://www.drudgereport.com/,2014-11-01 10:04:37.933678,http://www.mediaresearch.org/BozellColumns/bozellnewswelcome.asp,www.mediaresearch.org,BRENT BOZELL,260,False,None,None,None,None,None,None
http://www.drudgereport.com/,2014-11-01 10:04:37.933678,http://www.cnn.com/POLITICS/brazile.commentary/archive/,www.cnn.com,DONNA BRAZILE,261,False,None,None,None,None,None,None
http://www.drudgereport.com/,2014-11-01 10:04:37.933678,http://topics.nytimes.com/top/opinion/editorialsandoped/oped/columnists/davidbrooks/index.html,topics.nytimes.com,DAVID BROOKS,262,False,None,None,None,None,None,None
http://www.drudgereport.com/,2014-11-01 10:04:37.933678,http://buchanan.org/blog/columns,buchanan.org,PAT BUCHANAN,263,True,None,None,None,None,None,None
http://www.drudgereport.com/,2014-11-01 10:04:37.933678,http://bostonherald.com/news_opinion/columnists/howie_carr,bostonherald.com,HOWIE CARR,264,False,None,None,None,None,None,None
http://www.drudgereport.com/,2014-11-01 10:04:37.933678,http://www.townhall.com/columnists/monacharen/archive.shtml,www.townhall.com,MONA CHAREN,265,False,None,None,None,None,None,None
http://www.drudgereport.com/,2014-11-01 10:04:37.933678,http://www.janetcharltonshollywood.com/,www.janetcharltonshollywood.com,JANET CHARLTON,266,False,None,None,None,None,None,None
http://www.drudgereport.com/,2014-11-01 10:04:37.933678,http://voices.washingtonpost.com/thefix/,voices.washingtonpost.com,CHRIS CILLIZZA,267,False,None,None,None,None,None,None
http://www.drudgereport.com/,2014-11-01 10:04:37.933678,http://www.thedailybeast.com/contributors/eleanor-clift.html,www.thedailybeast.com,ELEANOR CLIFT,268,False,None,None,None,None,None,None
http://www.drudgereport.com/,2014-11-01 10:04:37.933678,http://sitesearch.washingtonpost.com/cgi-bin/search99.pl?searchdatabase=serf&serf_wp=on&wp=on&day_count=14&byline=Richard+Cohen&source=post/,sitesearch.washingtonpost.com,RICHARD COHEN,269,False,None,None,None,None,None,None
http://www.drudgereport.com/,2014-11-01 10:04:37.933678,http://www2.nationalmemo.com/?author_name=joeconason,www2.nationalmemo.com,JOE CONASON,270,False,None,None,None,None,None,None
http://www.drudgereport.com/,2014-11-01 10:04:37.933678,http://www.nydailynews.com/entertainment/gossip/confidential,www.nydailynews.com,[NY DAILY NEWS] CONFIDENTIAL,271,False,None,None,None,None,None,None
http://www.drudgereport.com/,2014-11-01 10:04:37.933678,http://www.davidcorn.com/,www.davidcorn.com,DAVID CORN,272,False,None,None,None,None,None,None
http://www.drudgereport.com/,2014-11-01 10:04:37.933678,http://www.anncoulter.com/,www.anncoulter.com,ANN COULTER,273,False,None,None,None,None,None,None
http://www.drudgereport.com/,2014-11-01 10:04:37.933678,http://craigcrawford.com/,craigcrawford.com,CRAIG CRAWFORD,274,False,None,None,None,None,None,None
http://www.drudgereport.com/,2014-11-01 10:04:37.933678,http://www.mainstreet.com/category/authors/jim-cramer,www.mainstreet.com,JIM CRAMER,275,False,None,None,None,None,None,None
http://www.drudgereport.com/,2014-11-01 10:04:37.933678,http://www.nydailynews.com/authors?author=Stanley%20Crouch,www.nydailynews.com,STANLEY CROUCH,276,False,None,None,None,None,None,None
http://www.drudgereport.com/,2014-11-01 10:04:37.933678,http://www.washingtontimes.com/news/political-theater/,www.washingtontimes.com,JOSEPH CURL,277,False,None,None,None,None,None,None
http://www.drudgereport.com/,2014-11-01 10:04:37.933678,http://loudobbs.com/,loudobbs.com,LOU DOBBS,278,False,None,None,None,None,None,None
http://www.drudgereport.com/,2014-11-01 10:04:37.933678,http://www.washingtontimes.com/staff/arnaud-de-borchgrave/,www.washingtontimes.com,DE BORCHGRAVE,279,False,None,None,None,None,None,None
http://www.drudgereport.com/,2014-11-01 10:04:37.933678,http://topics.nytimes.com/top/opinion/editorialsandoped/oped/columnists/maureendowd/index.html,topics.nytimes.com,MAUREEN DOWD,280,False,None,None,None,None,None,None
http://www.drudgereport.com/,2014-11-01 10:04:37.933678,http://www.wnd.com/authors/lelder/,www.wnd.com,LARRY ELDER,281,False,None,None,None,None,None,None
http://www.drudgereport.com/,2014-11-01 10:04:37.933678,http://www.creators.com/opinion_show.cfm?columnsName=ses,www.creators.com,SUSAN ESTRICH,282,False,None,None,None,None,None,None
http://www.drudgereport.com/,2014-11-01 10:04:37.933678,http://www.wnd.com/authors/jfarah/,www.wnd.com,JOSEPH FARAH,283,False,None,None,None,None,None,None
http://www.drudgereport.com/,2014-11-01 10:04:37.933678,http://www.townhall.com/columnists/suzannefields/archive.shtml,www.townhall.com,SUZANNE FIELDS,284,False,None,None,None,None,None,None
http://www.drudgereport.com/,2014-11-01 10:04:37.933678,http://nikkifinke.com/,nikkifinke.com,NIKKI FINKE,285,False,None,None,None,None,None,None
http://www.drudgereport.com/,2014-11-01 10:04:37.933678,http://blogs.reuters.com/frontrow/,blogs.reuters.com,FIRST DRAFT [REUTERS],286,False,None,None,None,None,None,None
http://www.drudgereport.com/,2014-11-01 10:04:37.933678,http://www.mediabistro.com/fishbowldc/,www.mediabistro.com,"FISHBOWL, DC",287,False,None,None,None,None,None,None
http://www.drudgereport.com/,2014-11-01 10:04:37.933678,http://www.mediabistro.com/fishbowlny/,www.mediabistro.com,"FISHBOWL, NYC",288,False,None,None,None,None,None,None
http://www.drudgereport.com/,2014-11-01 10:04:37.933678,http://www.showbiz411.com/,www.showbiz411.com,ROGER FRIEDMAN,289,False,None,None,None,None,None,None
http://www.drudgereport.com/,2014-11-01 10:04:37.933678,http://spectator.org/people/john-h-fund/all,spectator.org,JOHN FUND,290,False,None,None,None,None,None,None
http://www.drudgereport.com/,2014-11-01 10:04:37.933678,http://www.gertzfile.com/,www.gertzfile.com,BILL GERTZ,291,False,None,None,None,None,None,None
http://www.drudgereport.com/,2014-11-01 10:04:37.933678,http://www.uexpress.com/georgieannegeyer/,www.uexpress.com,GEORGIE GEYER,292,False,None,None,None,None,None,None
http://www.drudgereport.com/,2014-11-01 10:04:37.933678,http://www.nationalreview.com/author/897,www.nationalreview.com,JONAH GOLDBERG,293,False,None,None,None,None,None,None
http://www.drudgereport.com/,2014-11-01 10:04:37.933678,http://www.boston.com/news/globe/editorial_opinion/oped/goodman/,www.boston.com,ELLEN GOODMAN,294,False,None,None,None,None,None,None
http://www.drudgereport.com/,2014-11-01 10:04:37.933678,https://firstlook.org/theintercept/,firstlook.org,GLENN GREENWALD,295,False,None,None,None,None,None,None
http://www.drudgereport.com/,2014-11-01 10:04:37.933678,http://www.thedailybeast.com/author/lloyd-grove/,www.thedailybeast.com,LLOYD GROVE,296,False,None,None,None,None,None,None
http://www.drudgereport.com/,2014-11-01 10:04:37.933678,http://www.hollywoodreporter.com/hr/features/columns/martin_grove/index.jsp,www.hollywoodreporter.com,MARTIN GROVE,297,False,None,None,None,None,None,None
http://www.drudgereport.com/,2014-11-01 10:04:37.933678,http://thepage.time.com/,thepage.time.com,MARK HALPERIN,298,False,None,None,None,None,None,None
http://www.drudgereport.com/,2014-11-01 10:04:37.933678,http://www.weeklystandard.com/author/stephen-f.-hayes,www.weeklystandard.com,STEPHEN HAYES,299,False,None,None,None,None,None,None
http://www.drudgereport.com/,2014-11-01 10:04:37.933678,http://www.miamiherald.com/424,www.miamiherald.com,CARL HIAASEN,300,False,None,None,None,None,None,None
http://www.drudgereport.com/,2014-11-01 10:04:37.933678,http://online.wsj.com/public/search?article-doc-type=%7BWonder+Land%7D&HEADER_TEXT=wonder+land,online.wsj.com,HENNINGER,301,False,None,None,None,None,None,None
http://www.drudgereport.com/,2014-11-01 10:04:37.933678,http://www.wnd.com/author/nhentoff/,www.wnd.com,NAT HENTOFF,302,False,None,None,None,None,None,None
http://www.drudgereport.com/,2014-11-01 10:04:37.933678,http://www.perezhilton.com/,www.perezhilton.com,PEREZ HILTON,303,False,None,None,None,None,None,None
http://www.drudgereport.com/,2014-11-01 10:04:37.933678,http://www.hughhewitt.com/blog/,www.hughhewitt.com,HUGH HEWITT,304,False,None,None,None,None,None,None
http://www.drudgereport.com/,2014-11-01 10:04:37.933678,http://www.washingtontimes.com/news/nuclear-option/,www.washingtontimes.com,CHARLIE HURT,305,False,None,None,None,None,None,None
http://www.drudgereport.com/,2014-11-01 10:04:37.933678,http://www.lauraingraham.com/,www.lauraingraham.com,LAURA INGRAHAM,306,False,None,None,None,None,None,None
http://www.drudgereport.com/,2014-11-01 10:04:37.933678,http://www.washingtontimes.com/news/inside-the-beltway/,www.washingtontimes.com,INSIDE BELTWAY,307,False,None,None,None,None,None,None
http://www.drudgereport.com/,2014-11-01 10:04:37.933678,http://www.washingtontimes.com/news/inside-the-ring/,www.washingtontimes.com,INSIDE THE RING,308,False,None,None,None,None,None,None
http://www.drudgereport.com/,2014-11-01 10:04:37.933678,http://pagesix.com/author/richard-johnson/,pagesix.com,RICHARD JOHNSON,309,False,None,None,None,None,None,None
http://www.drudgereport.com/,2014-11-01 10:04:37.933678,http://www.infowars.com/,www.infowars.com,ALEX JONES,310,False,None,None,None,None,None,None
http://www.drudgereport.com/,2014-11-01 10:04:37.933678,http://washingtonpost.com/wp-dyn/politics/fedpage/columns/intheloop/,washingtonpost.com,AL KAMEN,311,False,None,None,None,None,None,None
http://www.drudgereport.com/,2014-11-01 10:04:37.933678,http://dailycaller.com/kausfiles/,dailycaller.com,MICKEY KAUS,312,False,None,None,None,None,None,None
http://www.drudgereport.com/,2014-11-01 10:04:37.933678,http://nypost.com/author/keith-j-kelly/,nypost.com,KEITH J. KELLY,313,False,None,None,None,None,None,None
http://www.drudgereport.com/,2014-11-01 10:04:37.933678,http://www.politico.com/reporters/MichaelKinsley.html,www.politico.com,MICHAEL KINSLEY,314,False,None,None,None,None,None,None
http://www.drudgereport.com/,2014-11-01 10:04:37.933678,http://www.vox.com/authors/ezra-klein,www.vox.com,EZRA KLEIN,315,False,None,None,None,None,None,None
http://www.drudgereport.com/,2014-11-01 10:04:37.933678,http://www.time.com/time/columnist/klein,www.time.com,JOE KLEIN,316,False,None,None,None,None,None,None
http://www.drudgereport.com/,2014-11-01 10:04:37.933678,http://www.aintitcool.com/,www.aintitcool.com,HARRY KNOWLES,317,False,None,None,None,None,None,None
http://www.drudgereport.com/,2014-11-01 10:04:37.933678,http://www.washingtonpost.com/wp-dyn/opinion/columns/krauthammercharles/,www.washingtonpost.com,KRAUTHAMMER,318,False,None,None,None,None,None,None
http://www.drudgereport.com/,2014-11-01 10:04:37.933678,http://topics.nytimes.com/top/opinion/editorialsandoped/oped/columnists/nicholasdkristof/index.html,topics.nytimes.com,NICHOLAS KRISTOF,319,False,None,None,None,None,None,None
http://www.drudgereport.com/,2014-11-01 10:04:37.933678,http://www.weeklystandard.com/author/william-kristol,www.weeklystandard.com,KRISTOL,320,False,None,None,None,None,None,None
http://www.drudgereport.com/,2014-11-01 10:04:37.933678,http://www.nytimes.com/top/opinion/editorialsandoped/oped/columnists/paulkrugman/index.html,www.nytimes.com,PAUL KRUGMAN,321,False,None,None,None,None,None,None
http://www.drudgereport.com/,2014-11-01 10:04:37.933678,http://www.nationalreview.com/kudlows-money-politics,www.nationalreview.com,LARRY KUDLOW,322,False,None,None,None,None,None,None
http://www.drudgereport.com/,2014-11-01 10:04:37.933678,http://www.foxnews.com/category/media-buzz,www.foxnews.com,HOWIE KURTZ,323,False,None,None,None,None,None,None
http://www.drudgereport.com/,2014-11-01 10:04:37.933678,http://www.marklevinshow.com/,www.marklevinshow.com,MARK LEVIN,324,False,None,None,None,None,None,None
http://www.drudgereport.com/,2014-11-01 10:04:37.933678,http://www.wnd.com/authors/dlimbaugh/,www.wnd.com,DAVID LIMBAUGH,325,False,None,None,None,None,None,None
http://www.drudgereport.com/,2014-11-01 10:04:37.933678,http://www.rushlimbaugh.com/,www.rushlimbaugh.com,RUSH LIMBAUGH,326,False,None,None,None,None,None,None
http://www.drudgereport.com/,2014-11-01 10:04:37.933678,http://www.hallindsey.com/,www.hallindsey.com,HAL LINDSEY,327,False,None,None,None,None,None,None
http://www.drudgereport.com/,2014-11-01 10:04:37.933678,http://www.nationalreview.com/author/56473,www.nationalreview.com,RICH LOWRY,328,False,None,None,None,None,None,None
http://www.drudgereport.com/,2014-11-01 10:04:37.933678,http://michellemalkin.com/,michellemalkin.com,MICHELLE MALKIN,329,False,None,None,None,None,None,None
http://www.drudgereport.com/,2014-11-01 10:04:37.933678,http://www.washingtonpost.com/2010/07/06/AB2i8vO_linkset.html,www.washingtonpost.com,DANA MILBANK,330,False,None,None,None,None,None,None
http://www.drudgereport.com/,2014-11-01 10:04:37.933678,http://www.dailymail.co.uk/sport/columnist-1096452/Piers-Morgan-MailOnline.html,www.dailymail.co.uk,PIERS MORGAN,331,False,None,None,None,None,None,None
http://www.drudgereport.com/,2014-11-01 10:04:37.933678,http://www.dickmorris.com/blog/,www.dickmorris.com,DICK MORRIS,332,False,None,None,None,None,None,None
http://www.drudgereport.com/,2014-11-01 10:04:37.933678,http://online.wsj.com/article/declarations.html,online.wsj.com,PEGGY NOONAN,333,True,None,None,None,None,None,None
http://www.drudgereport.com/,2014-11-01 10:04:37.933678,http://www.wnd.com/author/cnorris/,www.wnd.com,CHUCK NORRIS,334,False,None,None,None,None,None,None
http://www.drudgereport.com/,2014-11-01 10:04:37.933678,http://www.townhall.com/columnists/marvinolasky/archive.shtml,www.townhall.com,MARVIN OLASKY,335,False,None,None,None,None,None,None
http://www.drudgereport.com/,2014-11-01 10:04:37.933678,http://www.billoreilly.com/articles,www.billoreilly.com,BILL O'REILLY,336,False,None,None,None,None,None,None
http://www.drudgereport.com/,2014-11-01 10:04:37.933678,http://pagesix.com/,pagesix.com,PAGE SIX,337,False,None,None,None,None,None,None
http://www.drudgereport.com/,2014-11-01 10:04:37.933678,https://www.facebook.com/sarahpalin,www.facebook.com,SARAH PALIN,338,False,None,None,None,None,None,None
http://www.drudgereport.com/,2014-11-01 10:04:37.933678,http://nypost.com/author/andrea-peyser/,nypost.com,ANDREA PEYSER,339,False,None,None,None,None,None,None
http://www.drudgereport.com/,2014-11-01 10:04:37.933678,http://www.breitbart.com/Columnists/James-P-Pinkerton,www.breitbart.com,JIM PINKERTON,340,False,None,None,None,None,None,None
http://www.drudgereport.com/,2014-11-01 10:04:37.933678,http://www.billpress.com/,www.billpress.com,BILL PRESS,341,False,None,None,None,None,None,None
http://www.drudgereport.com/,2014-11-01 10:04:37.933678,http://www.washingtontimes.com/staff/wesley-pruden/,www.washingtontimes.com,WES PRUDEN,342,False,None,None,None,None,None,None
http://www.drudgereport.com/,2014-11-01 10:04:37.933678,http://www.observer.com/author/rex-reed,www.observer.com,REX REED,343,False,None,None,None,None,None,None
http://www.drudgereport.com/,2014-11-01 10:04:37.933678,http://www.richardreeves.com/latest_column.html,www.richardreeves.com,RICHARD REEVES,344,False,None,None,None,None,None,None
http://www.drudgereport.com/,2014-11-01 10:04:37.933678,http://www.washingtonpost.com/wp-dyn/style/columns/reliablesource/,www.washingtonpost.com,RELIABLE SOURCE,345,False,None,None,None,None,None,None
http://www.drudgereport.com/,2014-11-01 10:04:37.933678,http://www.suntimes.com/news/roeper/index.html,www.suntimes.com,RICHARD ROEPER,346,False,None,None,None,None,None,None
http://www.drudgereport.com/,2014-11-01 10:04:37.933678,http://dailycaller.com/author/betsyrothstein/,dailycaller.com,BETSY ROTHSTEIN,347,False,None,None,None,None,None,None
http://www.drudgereport.com/,2014-11-01 10:04:37.933678,http://www.michaelsavage.wnd.com/,www.michaelsavage.wnd.com,MICHAEL SAVAGE,348,False,None,None,None,None,None,None
http://www.drudgereport.com/,2014-11-01 10:04:37.933678,http://www.eagleforum.org/column,www.eagleforum.org,SCHLAFLY,349,False,None,None,None,None,None,None
http://www.drudgereport.com/,2014-11-01 10:04:37.933678,http://www.newyorksocialdiary.com/nysd/guestdiary,www.newyorksocialdiary.com,LIZ SMITH,350,False,None,None,None,None,None,None
http://www.drudgereport.com/,2014-11-01 10:04:37.933678,http://www.suntimes.com/news/sneed/index.html,www.suntimes.com,MICHAEL SNEED,351,False,None,None,None,None,None,None
http://www.drudgereport.com/,2014-11-01 10:04:37.933678,http://www.townhall.com/columnists/thomassowell/archive.shtml,www.townhall.com,THOMAS SOWELL,352,False,None,None,None,None,None,None
http://www.drudgereport.com/,2014-11-01 10:04:37.933678,http://reliablesources.blogs.cnn.com/,reliablesources.blogs.cnn.com,BRIAN STELTER,353,False,None,None,None,None,None,None
http://www.drudgereport.com/,2014-11-01 10:04:37.933678,http://www.steynonline.com/,www.steynonline.com,MARK STEYN,354,False,None,None,None,None,None,None
http://www.drudgereport.com/,2014-11-01 10:04:37.933678,http://andrewsullivan.thedailybeast.com/,andrewsullivan.thedailybeast.com,ANDREW SULLIVAN,355,False,None,None,None,None,None,None
http://www.drudgereport.com/,2014-11-01 10:04:37.933678,http://takimag.com/,takimag.com,TAKI THEODORACOPULOS,356,False,None,None,None,None,None,None
http://www.drudgereport.com/,2014-11-01 10:04:37.933678,http://www.jewishworldreview.com/cols/thomas1.asp,www.jewishworldreview.com,CAL THOMAS,357,False,None,None,None,None,None,None
http://www.drudgereport.com/,2014-11-01 10:04:37.933678,http://www.washingtonpost.com/wp-dyn/style/columns/tvcolumn/,www.washingtonpost.com,TV COLUMN,358,False,None,None,None,None,None,None
http://www.drudgereport.com/,2014-11-01 10:04:37.933678,http://www.mediabistro.com/tvnewser/,www.mediabistro.com,TV NEWSER,359,False,None,None,None,None,None,None
http://www.drudgereport.com/,2014-11-01 10:04:37.933678,http://www.mediaweek.com/mediaweek/buzz/columnists/berman.jsp,www.mediaweek.com,TV PROGRAMMING INSIDER,360,False,None,None,None,None,None,None
http://www.drudgereport.com/,2014-11-01 10:04:37.933678,http://www.reviewjournal.com/columns-blogs/norm-clarke,www.reviewjournal.com,VEGAS CONFIDENTIAL,361,False,None,None,None,None,None,None
http://www.drudgereport.com/,2014-11-01 10:04:37.933678,http://www.hollywood-elsewhere.com/,www.hollywood-elsewhere.com,JEFFREY WELLS,362,False,None,None,None,None,None,None
http://www.drudgereport.com/,2014-11-01 10:04:37.933678,http://www.usnews.com/sections/news/washington-whispers/index.html,www.usnews.com,WASHINGTON WHISPERS,363,False,None,None,None,None,None,None
http://www.drudgereport.com/,2014-11-01 10:04:37.933678,http://jewishworldreview.com/cols/will1.asp,jewishworldreview.com,GEORGE WILL,364,False,None,None,None,None,None,None
http://www.drudgereport.com/,2014-11-01 10:04:37.933678,http://townhall.com/columnists/WalterEWilliams/,townhall.com,WALTER WILLIAMS,365,False,None,None,None,None,None,None
http://www.drudgereport.com/,2014-11-01 10:04:37.933678,http://www.jameswolcott.com/,www.jameswolcott.com,JAMES WOLCOTT,366,False,None,None,None,None,None,None
http://www.drudgereport.com/,2014-11-01 10:04:37.933678,http://www.usatoday.com/story/money/columnist/wolff/2014/10/19/amazon-and-the-book-business/17376253/,www.usatoday.com,MICHAEL WOLFF,367,True,None,None,None,None,None,None
http://www.drudgereport.com/,2014-11-01 10:04:37.933678,http://campaign2012.washingtonexaminer.com/author/byron-york,campaign2012.washingtonexaminer.com,BYRON YORK,368,False,None,None,None,None,None,None
http://www.drudgereport.com/,2014-11-01 10:04:37.933678,http://www.usnews.com/usnews/opinion/mzuckerman.htm,www.usnews.com,MORT ZUCKERMAN,369,False,None,None,None,None,None,None
http://www.drudgereport.com/,2014-11-01 10:04:37.933678,http://www.suntimes.com/entertainment/zwecker/index.html,www.suntimes.com,BILL ZWECKER,370,False,None,None,None,None,None,None
http://www.drudgereport.com/,2014-11-01 10:04:37.933678,http://dailycaller.com/2014/10/31/obamas-border-policy-fueled-epidemic-evidence-shows/,dailycaller.com,"Obama's Border Policy Fueled Epidemic, Evidence Shows...",371,True,None,None,None,None,None,None
http://www.drudgereport.com/,2014-11-01 10:04:37.933678,http://finance.yahoo.com/stock-center/,finance.yahoo.com,STOCKS SET NEW RECORDS...,372,False,None,None,None,None,None,None
http://www.drudgereport.com/,2014-11-01 10:04:37.933678,http://www.nydailynews.com/life-style/real-estate/palatial-pad-upscale-pierre-hotel-hits-market-500k-month-article-1.1993645,www.nydailynews.com,"NYC Pad Hits Market For Record $500,000/Month...",373,True,None,None,None,None,None,None
http://www.drudgereport.com/,2014-11-01 10:04:37.933678,http://news.yahoo.com/expectations-high-record-spending-york-art-auctions-152945972--finance.html;_ylt=AwrBEiTWrlNUwyUAW7_QtDMD,news.yahoo.com,Expectations high for record spending at art auctions...,374,False,None,None,None,None,None,None
http://www.drudgereport.com/,2014-11-01 10:04:37.933678,http://newyork.cbslocal.com/2014/10/31/sorry-lebron-knicks-bounce-back-in-big-way-to-spoil-james-homecoming/,newyork.cbslocal.com,HOME SICK: LeBron Struggles In Opening Night...,375,True,None,None,None,None,None,None
http://www.drudgereport.com/,2014-11-01 10:04:37.933678,http://nypost.com/2014/10/29/cdc-admits-droplets-from-a-sneeze-could-spread-ebola/,nypost.com,CDC: EBOLA SNEEZE WARNING...,376,True,None,None,None,None,None,None
http://www.drudgereport.com/,2014-11-01 10:04:37.933678,http://www.dailymail.co.uk/news/article-2815903/New-CDC-confusion-Ebola-deletes-warning-virus-spread-coughs-sneezes-website.html,www.dailymail.co.uk,DELETES!,377,True,None,None,None,None,None,None
http://www.drudgereport.com/,2014-11-01 10:04:37.933678,http://www.wnd.com/2014/10/who-urges-sneeze-protection-while-cdc-retreats/,www.wnd.com,CONFUSION: WHO urges SNEEZE PROTECTION...,378,True,None,None,None,None,None,None
http://www.drudgereport.com/,2014-11-01 10:04:37.933678,http://www.infowars.com/pentagon-funds-vaccine-to-counter-airborne-exposure-to-ebola/,www.infowars.com,PENTAGON FUNDS VACCINE TO COUNTER AIRBORNE EXPOSURE...,379,False,None,None,None,None,None,None
http://www.drudgereport.com/,2014-11-01 10:04:37.933678,http://apnews.myway.com/article/20141031/us--ebola-nurse_quarantined-maine-6f5110d256.html,apnews.myway.com,UPDATE: Judge rejects Ebola quarantine for nurse...,380,True,None,None,None,None,None,None
http://www.drudgereport.com/,2014-11-01 10:04:37.933678,http://pjmedia.com/tatler/2014/10/31/maine-says-nurse-hickoxs-roommate-had-ebola/,pjmedia.com,Roommate in Africa Developed Virus?,381,True,None,None,None,None,None,None
http://www.drudgereport.com/,2014-11-01 10:04:37.933678,http://www.usatoday.com/story/news/nation/2014/10/30/ebola-hagel-pentagon/18185445/,www.usatoday.com,Pentagon defends decision to isolate troops...,382,True,None,None,None,None,None,None
http://www.drudgereport.com/,2014-11-01 10:04:37.933678,http://www.france24.com/en/20141031-flu-or-ebola-us-hospitals-prepare-confusing-season/,www.france24.com,Hospitals prepare for confusing season...,383,True,None,None,None,None,None,None
http://www.drudgereport.com/,2014-11-01 10:04:37.933678,http://www.courant.com/sns-rt-us-usa-health-ebola-nurses-20141030-story.html,www.courant.com,Nurses plan strikes...,384,False,None,None,None,None,None,None
http://www.drudgereport.com/,2014-11-01 10:04:37.933678,http://www.wnd.com/2014/10/fema-conducts-pandemic-training-in-n-y-n-j/,www.wnd.com,FEMA conducts pandemic training...,385,True,None,None,None,None,None,None
http://www.drudgereport.com/,2014-11-01 10:04:37.933678,http://www.infowars.com/cdc-to-purchase-body-bags-in-anticipation-of-more-ebola-deaths/,www.infowars.com,CDC Purchases Body Bags...,386,False,None,None,None,None,None,None
http://www.drudgereport.com/,2014-11-01 10:04:37.933678,http://www.washingtonpost.com/blogs/federal-eye/wp/2014/10/31/these-scientific-studies-show-that-airport-ebola-screenings-are-largely-ineffective/,www.washingtonpost.com,Studies show airport screenings largely ineffective...,387,True,None,None,None,None,None,None
http://www.drudgereport.com/,2014-11-01 10:04:37.933678,http://news.yahoo.com/leone-ebola-outbreak-catastrophic-aid-group-msf-223833151.html,news.yahoo.com,"Sierra Leone Ebola outbreak 'catastrophic,' cases 'under-reported'...",388,False,None,None,None,None,None,None
http://www.drudgereport.com/,2014-11-01 10:04:37.933678,http://www.ctvnews.ca/health/canada-won-t-issue-visas-to-residents-of-countries-with-widespread-ebola-1.2081402#ixzz3Hkpl2wub,www.ctvnews.ca,Canada suspends visas for residents of West African countries...,389,True,None,None,None,None,None,None
http://www.drudgereport.com/,2014-11-01 10:04:37.933678,http://www.breitbart.com/Breitbart-London/2014/10/30/Ebola-Weaponisation-Spain-Blackmail-Prague,www.breitbart.com,Spanish intelligence intercept Jiahdist plot to weaponize Ebola...,390,True,None,None,None,None,None,None
http://www.drudgereport.com/,2014-11-01 10:04:37.933678,http://chicago.cbslocal.com/2014/10/30/cook-county-judge-injured-in-courtroom-scuffle/,chicago.cbslocal.com,"CHICAGOLAND: Judge Pummeled, Beaten By Defendant In Courtroom Scuffle...",391,True,None,None,None,None,None,None
http://www.drudgereport.com/,2014-11-01 10:04:37.933678,http://www.okcfox.com/story/27167688/one-charged-after-near-beheading-in-stillwater,www.okcfox.com,One charged after near beheading in Oklahoma...,392,True,None,None,None,None,None,None
http://www.drudgereport.com/,2014-11-01 10:04:37.933678,http://www.telegraph.co.uk/news/worldnews/europe/france/11197823/Mystery-drones-breach-airspace-above-French-nulcear-sites.html,www.telegraph.co.uk,Mystery drones breach airspace above French nuke sites...,393,True,None,None,None,None,None,None
http://www.drudgereport.com/,2014-11-01 10:04:37.933678,http://www.thelocal.es/20141030/scary-clown-panic-hits-spanish-town-gijon-spain,www.thelocal.es,'Scary clown' craze hits Spain...,394,True,None,None,None,None,None,None
http://www.drudgereport.com/,2014-11-01 10:04:37.933678,http://www.breitbart.com/Big-Peace/2014/10/31/French-village-bans-clowns-for-Halloween-after-terror-wave,www.breitbart.com,French Village Bans...,395,True,None,None,None,None,None,None
http://www.drudgereport.com/,2014-11-01 10:04:37.933678,http://www.myfoxny.com/story/27170944/clowns-are-not-scary,www.myfoxny.com,WORLD'S CLOWNS FROWN...,396,True,None,None,None,None,None,None
http://www.drudgereport.com/,2014-11-01 10:04:37.933678,http://losangeles.cbslocal.com/2014/10/30/mans-estranged-partner-accused-of-sending-nude-photo-of-teacher-to-100s-of-his-students/,losangeles.cbslocal.com,COPS: Ex-Partner Sends Nude Photo Of Gay High School Teacher To Hundreds Of Students...,397,True,None,None,None,None,None,None
http://www.drudgereport.com/,2014-11-01 10:04:37.933678,http://itunes.apple.com/us/app/official-drudge-report-free/id375614185?mt=8,itunes.apple.com,ON THE GO: DRUDGE IPHONE/IPAD APP...,398,False,None,None,None,None,None,None
http://www.drudgereport.com/,2014-11-01 10:04:37.933678,http://www.intermarkets.net/adfeedback/form.htm?Plcmt=none&ATFlgt=none&Ntwk=none&NCrt=none,www.intermarkets.net,AD FEEDBACK,399,False,None,None,None,None,None,None
http://www.drudgereport.com/,2014-11-01 10:04:37.933678,http://www.france24.com/en/timeline/global/,www.france24.com,AGENCE FRANCE-PRESSE,400,False,None,None,None,None,None,None
http://www.drudgereport.com/,2014-11-01 10:04:37.933678,http://news.yahoo.com/afp.com--all-sections/archive/1.html,news.yahoo.com,AFP NEWS WRAP,401,False,None,None,None,None,None,None
http://www.drudgereport.com/,2014-11-01 10:04:37.933678,http://www.reuters.com/news/archive/worldNews?date=today,www.reuters.com,REUTERS WORLD NEWS HIGHLIGHTS,402,False,None,None,None,None,None,None
http://www.drudgereport.com/,2014-11-01 10:04:37.933678,http://www.reuters.com/,www.reuters.com,REUTERS DIGEST,403,False,None,None,None,None,None,None
http://www.drudgereport.com/,2014-11-01 10:04:37.933678,http://www.reuters.com/news/world,www.reuters.com,REUTERS WORLD,404,False,None,None,None,None,None,None
http://www.drudgereport.com/,2014-11-01 10:04:37.933678,http://www.reuters.com/news/archive/politicsNews?date=today,www.reuters.com,REUTERS POLITICS,405,False,None,None,None,None,None,None
http://www.drudgereport.com/,2014-11-01 10:04:37.933678,http://www.reuters.com/news/archive/oddlyEnoughNews?date=today,www.reuters.com,REUTERS ODD,406,False,None,None,None,None,None,None
http://www.drudgereport.com/,2014-11-01 10:04:37.933678,http://www.upi.com/NewsTrack/,www.upi.com,UPI,407,False,None,None,None,None,None,None
http://www.drudgereport.com/,2014-11-01 10:04:37.933678,http://www.intermarkets.net/adfeedback/form.htm?Plcmt=none&ATFlgt=none&Ntwk=none&NCrt=none,www.intermarkets.net,AD FEEDBACK,408,False,None,None,None,None,None,None
http://www.drudgereport.com/,2014-11-01 10:04:37.933678,http://news.google.com/nwshp?hl=en&tab=wn&q=,news.google.com,GOOGLE NEWS,409,False,None,None,None,None,None,None
http://www.drudgereport.com/,2014-11-01 10:04:37.933678,http://www.drudgereportarchives.com/dsp/links_recap.htm,www.drudgereportarchives.com,RECENT DRUDGE HEADLINES...,410,False,None,None,None,None,None,None
http://www.drudgereport.com/,2014-11-01 10:04:37.933678,http://www.alexa.com/hoturls,www.alexa.com,ALEXA LIVE: HOTTEST PAGES ON INTERNET...,411,False,None,None,None,None,None,None
http://www.drudgereport.com/,2014-11-01 10:04:37.933678,http://www.viralnewschart.com/,www.viralnewschart.com,VIRAL NEWS CHART...,412,False,None,None,None,None,None,None
http://www.drudgereport.com/,2014-11-01 10:04:37.933678,http://www.drudgereport.com/wx.htm,www.drudgereport.com,WEATHER ACTION,413,False,None,None,None,None,None,None
http://www.drudgereport.com/,2014-11-01 10:04:37.933678,http://radar.weather.gov/Conus/Loop/NatLoop_Small.gif,radar.weather.gov,USA RADAR ROLL,414,False,None,None,None,None,None,None
http://www.drudgereport.com/,2014-11-01 10:04:37.933678,http://www.drudgereport.com/quake.htm,www.drudgereport.com,QUAKE SHEET,415,False,None,None,None,None,None,None
http://www.drudgereport.com/,2014-11-01 10:04:37.933678,http://www.militarycity.com/valor/honor.html,www.militarycity.com,THE LIST...,416,False,None,None,None,None,None,None
http://www.drudgereport.com/,2014-11-01 10:04:37.933678,https://www.quantcast.com/p-e2qh6t-Out2Ug,www.quantcast.com,,417,False,None,None,None,None,None,None
http://www.drudgereport.com/,2014-11-01 10:04:37.933678,http://www.drudgereportArchives.com/,www.drudgereportArchives.com,DRUDGE ARCHIVES,418,False,None,None,None,None,None,None
http://www.drudgereport.com/,2014-11-01 10:04:37.933678,http://www.refdesk.com/,www.refdesk.com,DRUDGE REFERENCE DESK,419,False,None,None,None,None,None,None
http://www.drudgereport.com/,2014-11-01 10:04:37.933678,mailto:drudge@drudgereport.com,,EMAIL: DRUDGE@DRUDGEREPORT.COM,420,False,None,None,None,None,None,None
http://www.drudgereport.com/,2014-11-01 10:04:37.933678,http://www.intermarkets.net/drudgereport.htm,www.intermarkets.net,BE SEEN! RUN ADS ON DRUDGE REPORT...,421,False,None,None,None,None,None,None
http://www.drudgereport.com/,2014-11-01 10:04:37.933678,http://www.intermarkets.net/privacypolicy.html,www.intermarkets.net,PRIVACY POLICY...,422,False,None,None,None,None,None,None
